,ru_name,poster,kp_rate,imbd_rate,kp_url,ID
0,Побег из Шоушенка,https://kinopoiskapiunofficial.tech/images/posters/kp/326.jpg,9.2,9.299999999999999,https://www.kinopoisk.ru/film/326/,326
1,Зеленая миля,https://kinopoiskapiunofficial.tech/images/posters/kp/435.jpg,9.1,9.2,https://www.kinopoisk.ru/film/435/,435
2,Форрест Гамп,https://kinopoiskapiunofficial.tech/images/posters/kp/448.jpg,9.0,8.8,https://www.kinopoisk.ru/film/448/,448
3,Список Шиндлера,https://kinopoiskapiunofficial.tech/images/posters/kp/329.jpg,8.9,8.700000000000001,https://www.kinopoisk.ru/film/329/,329
4,1+1,https://kinopoiskapiunofficial.tech/images/posters/kp/535341.jpg,8.8,8.8,https://www.kinopoisk.ru/film/535341/,535341
5,Начало,https://kinopoiskapiunofficial.tech/images/posters/kp/447301.jpg,8.8,8.8,https://www.kinopoisk.ru/film/447301/,447301
6,Леон,https://kinopoiskapiunofficial.tech/images/posters/kp/389.jpg,8.8,9.0,https://www.kinopoisk.ru/film/389/,389
7,Король Лев,https://kinopoiskapiunofficial.tech/images/posters/kp/2360.jpg,8.8,8.600000000000001,https://www.kinopoisk.ru/film/2360/,2360
8,Иван Васильевич меняет профессию,https://kinopoiskapiunofficial.tech/images/posters/kp/42664.jpg,8.7,8.6,https://www.kinopoisk.ru/film/42664/,42664
9,Бойцовский клуб,https://kinopoiskapiunofficial.tech/images/posters/kp/361.jpg,8.7,8.799999999999999,https://www.kinopoisk.ru/film/361/,361
10,Жизнь прекрасна,https://kinopoiskapiunofficial.tech/images/posters/kp/381.jpg,8.7,8.6,https://www.kinopoisk.ru/film/381/,381
11,Достучаться до небес,https://kinopoiskapiunofficial.tech/images/posters/kp/32898.jpg,8.6,8.7,https://www.kinopoisk.ru/film/32898/,32898
12,Крестный отец,https://kinopoiskapiunofficial.tech/images/posters/kp/325.jpg,8.6,8.799999999999999,https://www.kinopoisk.ru/film/325/,325
13,Криминальное чтиво,https://kinopoiskapiunofficial.tech/images/posters/kp/342.jpg,8.6,8.7,https://www.kinopoisk.ru/film/342/,342
14,Операция «Ы» и другие приключения Шурика,https://kinopoiskapiunofficial.tech/images/posters/kp/42782.jpg,8.6,8.4,https://www.kinopoisk.ru/film/42782/,42782
15,Игры разума,https://kinopoiskapiunofficial.tech/images/posters/kp/530.jpg,8.6,8.5,https://www.kinopoisk.ru/film/530/,530
16,Престиж,https://kinopoiskapiunofficial.tech/images/posters/kp/195334.jpg,8.6,8.5,https://www.kinopoisk.ru/film/195334/,195334
17,Интерстеллар,https://kinopoiskapiunofficial.tech/images/posters/kp/258687.jpg,8.6,8.6,https://www.kinopoisk.ru/film/258687/,258687
18,Властелин колец: Возвращение короля,https://kinopoiskapiunofficial.tech/images/posters/kp/3498.jpg,8.6,8.4,https://www.kinopoisk.ru/film/3498/,3498
19,Гладиатор,https://kinopoiskapiunofficial.tech/images/posters/kp/474.jpg,8.6,8.6,https://www.kinopoisk.ru/film/474/,474
20,Назад в будущее,https://kinopoiskapiunofficial.tech/images/posters/kp/476.jpg,8.6,8.5,https://www.kinopoisk.ru/film/476/,476
21,"Карты, деньги, два ствола",https://kinopoiskapiunofficial.tech/images/posters/kp/522.jpg,8.6,8.7,https://www.kinopoisk.ru/film/522/,522
22,Матрица,https://kinopoiskapiunofficial.tech/images/posters/kp/301.jpg,8.5,8.7,https://www.kinopoisk.ru/film/301/,301
23,Бриллиантовая рука,https://kinopoiskapiunofficial.tech/images/posters/kp/46225.jpg,8.5,8.6,https://www.kinopoisk.ru/film/46225/,46225
24,Отступники,https://kinopoiskapiunofficial.tech/images/posters/kp/81314.jpg,8.5,8.5,https://www.kinopoisk.ru/film/81314/,81314
25,"Поймай меня, если сможешь",https://kinopoiskapiunofficial.tech/images/posters/kp/324.jpg,8.5,8.5,https://www.kinopoisk.ru/film/324/,324
26,Властелин колец: Братство Кольца,https://kinopoiskapiunofficial.tech/images/posters/kp/328.jpg,8.5,8.3,https://www.kinopoisk.ru/film/328/,328
27,Пианист,https://kinopoiskapiunofficial.tech/images/posters/kp/355.jpg,8.5,8.6,https://www.kinopoisk.ru/film/355/,355
28,Тайна Коко,https://kinopoiskapiunofficial.tech/images/posters/kp/679486.jpg,8.5,8.6,https://www.kinopoisk.ru/film/679486/,679486
29,В бой идут одни «старики»,https://kinopoiskapiunofficial.tech/images/posters/kp/25108.jpg,8.5,8.5,https://www.kinopoisk.ru/film/25108/,25108
30,ВАЛЛ·И,https://kinopoiskapiunofficial.tech/images/posters/kp/279102.jpg,8.5,8.4,https://www.kinopoisk.ru/film/279102/,279102
31,Властелин колец: Две крепости,https://kinopoiskapiunofficial.tech/images/posters/kp/312.jpg,8.5,8.7,https://www.kinopoisk.ru/film/312/,312
32,Большой куш,https://kinopoiskapiunofficial.tech/images/posters/kp/526.jpg,8.5,8.7,https://www.kinopoisk.ru/film/526/,526
33,Джентльмены удачи,https://kinopoiskapiunofficial.tech/images/posters/kp/44386.jpg,8.5,8.4,https://www.kinopoisk.ru/film/44386/,44386
34,Американская история X,https://kinopoiskapiunofficial.tech/images/posters/kp/382.jpg,8.5,8.6,https://www.kinopoisk.ru/film/382/,382
35,Пираты Карибского моря: Проклятие Черной жемчужины,https://kinopoiskapiunofficial.tech/images/posters/kp/4374.jpg,8.5,8.6,https://www.kinopoisk.ru/film/4374/,4374
36,Остров проклятых,https://kinopoiskapiunofficial.tech/images/posters/kp/397667.jpg,8.5,8.7,https://www.kinopoisk.ru/film/397667/,397667
37,Темный рыцарь,https://kinopoiskapiunofficial.tech/images/posters/kp/111543.jpg,8.5,8.5,https://www.kinopoisk.ru/film/111543/,111543
38,Титаник,https://kinopoiskapiunofficial.tech/images/posters/kp/2213.jpg,8.5,8.3,https://www.kinopoisk.ru/film/2213/,2213
39,Пролетая над гнездом кукушки,https://kinopoiskapiunofficial.tech/images/posters/kp/336.jpg,8.5,8.5,https://www.kinopoisk.ru/film/336/,336
40,12 разгневанных мужчин,https://kinopoiskapiunofficial.tech/images/posters/kp/346.jpg,8.4,8.5,https://www.kinopoisk.ru/film/346/,346
41,Запах женщины,https://kinopoiskapiunofficial.tech/images/posters/kp/4871.jpg,8.4,8.6,https://www.kinopoisk.ru/film/4871/,4871
42,Клаус,https://kinopoiskapiunofficial.tech/images/posters/kp/957887.jpg,8.4,8.4,https://www.kinopoisk.ru/film/957887/,957887
43,В джазе только девушки,https://kinopoiskapiunofficial.tech/images/posters/kp/356.jpg,8.4,8.5,https://www.kinopoisk.ru/film/356/,356
44,Пробуждение,https://kinopoiskapiunofficial.tech/images/posters/kp/2950.jpg,8.4,8.4,https://www.kinopoisk.ru/film/2950/,2950
45,Хатико: Самый верный друг,https://kinopoiskapiunofficial.tech/images/posters/kp/387556.jpg,8.4,8.3,https://www.kinopoisk.ru/film/387556/,387556
46,Унесённые призраками,https://kinopoiskapiunofficial.tech/images/posters/kp/370.jpg,8.4,8.6,https://www.kinopoisk.ru/film/370/,370
47,...А зори здесь тихие,https://kinopoiskapiunofficial.tech/images/posters/kp/43395.jpg,8.4,8.4,https://www.kinopoisk.ru/film/43395/,43395
48,Огни большого города,https://kinopoiskapiunofficial.tech/images/posters/kp/414.jpg,8.4,8.5,https://www.kinopoisk.ru/film/414/,414
49,"Кавказская пленница, или Новые приключения Шурика",https://kinopoiskapiunofficial.tech/images/posters/kp/44745.jpg,8.4,8.3,https://www.kinopoisk.ru/film/44745/,44745
50,Эта замечательная жизнь,https://kinopoiskapiunofficial.tech/images/posters/kp/348.jpg,8.4,8.200000000000001,https://www.kinopoisk.ru/film/348/,348
51,"Хороший, плохой, злой",https://kinopoiskapiunofficial.tech/images/posters/kp/349.jpg,8.4,8.6,https://www.kinopoisk.ru/film/349/,349
52,Хористы,https://kinopoiskapiunofficial.tech/images/posters/kp/51481.jpg,8.4,8.200000000000001,https://www.kinopoisk.ru/film/51481/,51481
53,Молчание ягнят,https://kinopoiskapiunofficial.tech/images/posters/kp/345.jpg,8.4,8.4,https://www.kinopoisk.ru/film/345/,345
54,Приключения Шерлока Холмса и доктора Ватсона: Собака Баскервилей,https://kinopoiskapiunofficial.tech/images/posters/kp/77263.jpg,8.4,8.5,https://www.kinopoisk.ru/film/77263/,77263
55,Семь,https://kinopoiskapiunofficial.tech/images/posters/kp/377.jpg,8.4,8.3,https://www.kinopoisk.ru/film/377/,377
56,Терминатор 2: Судный день,https://kinopoiskapiunofficial.tech/images/posters/kp/444.jpg,8.4,8.4,https://www.kinopoisk.ru/film/444/,444
57,Шоу Трумана,https://kinopoiskapiunofficial.tech/images/posters/kp/4541.jpg,8.4,8.4,https://www.kinopoisk.ru/film/4541/,4541
58,Как приручить дракона,https://kinopoiskapiunofficial.tech/images/posters/kp/280172.jpg,8.4,8.200000000000001,https://www.kinopoisk.ru/film/280172/,280172
59,Джанго освобожденный,https://kinopoiskapiunofficial.tech/images/posters/kp/586397.jpg,8.4,8.5,https://www.kinopoisk.ru/film/586397/,586397
60,Крестный отец 2,https://kinopoiskapiunofficial.tech/images/posters/kp/327.jpg,8.4,8.6,https://www.kinopoisk.ru/film/327/,327
61,Собачье сердце,https://kinopoiskapiunofficial.tech/images/posters/kp/77335.jpg,8.4,8.6,https://www.kinopoisk.ru/film/77335/,77335
62,Нокдаун,https://kinopoiskapiunofficial.tech/images/posters/kp/12244.jpg,8.4,8.200000000000001,https://www.kinopoisk.ru/film/12244/,12244
63,Игра,https://kinopoiskapiunofficial.tech/images/posters/kp/12198.jpg,8.4,8.6,https://www.kinopoisk.ru/film/12198/,12198
64,Храброе сердце,https://kinopoiskapiunofficial.tech/images/posters/kp/399.jpg,8.4,8.3,https://www.kinopoisk.ru/film/399/,399
65,Москва слезам не верит,https://kinopoiskapiunofficial.tech/images/posters/kp/46708.jpg,8.4,8.4,https://www.kinopoisk.ru/film/46708/,46708
66,Шерлок Холмс и доктор Ватсон: Знакомство,https://kinopoiskapiunofficial.tech/images/posters/kp/77269.jpg,8.4,8.200000000000001,https://www.kinopoisk.ru/film/77269/,77269
67,Гран Торино,https://kinopoiskapiunofficial.tech/images/posters/kp/408410.jpg,8.3,8.3,https://www.kinopoisk.ru/film/408410/,408410
68,Одержимость,https://kinopoiskapiunofficial.tech/images/posters/kp/725190.jpg,8.3,8.3,https://www.kinopoisk.ru/film/725190/,725190
69,Человек дождя,https://kinopoiskapiunofficial.tech/images/posters/kp/519.jpg,8.3,8.5,https://www.kinopoisk.ru/film/519/,519
70,Прислуга,https://kinopoiskapiunofficial.tech/images/posters/kp/470553.jpg,8.3,8.200000000000001,https://www.kinopoisk.ru/film/470553/,470553
71,Земляне,https://kinopoiskapiunofficial.tech/images/posters/kp/77413.jpg,8.3,8.5,https://www.kinopoisk.ru/film/77413/,77413
72,Изгой,https://kinopoiskapiunofficial.tech/images/posters/kp/627.jpg,8.3,8.100000000000001,https://www.kinopoisk.ru/film/627/,627
73,Летят журавли,https://kinopoiskapiunofficial.tech/images/posters/kp/7724.jpg,8.3,8.100000000000001,https://www.kinopoisk.ru/film/7724/,7724
74,Шестое чувство,https://kinopoiskapiunofficial.tech/images/posters/kp/395.jpg,8.3,8.4,https://www.kinopoisk.ru/film/395/,395
75,Зверополис,https://kinopoiskapiunofficial.tech/images/posters/kp/775276.jpg,8.3,8.200000000000001,https://www.kinopoisk.ru/film/775276/,775276
76,Спасти рядового Райана,https://kinopoiskapiunofficial.tech/images/posters/kp/371.jpg,8.3,8.3,https://www.kinopoisk.ru/film/371/,371
77,Офицеры,https://kinopoiskapiunofficial.tech/images/posters/kp/42736.jpg,8.3,8.200000000000001,https://www.kinopoisk.ru/film/42736/,42736
78,Белый Бим Черное ухо,https://kinopoiskapiunofficial.tech/images/posters/kp/46068.jpg,8.3,8.4,https://www.kinopoisk.ru/film/46068/,46068
79,Эффект бабочки,https://kinopoiskapiunofficial.tech/images/posters/kp/5167.jpg,8.3,8.100000000000001,https://www.kinopoisk.ru/film/5167/,5167
80,В погоне за счастьем,https://kinopoiskapiunofficial.tech/images/posters/kp/104938.jpg,8.3,8.3,https://www.kinopoisk.ru/film/104938/,104938
81,Малыш,https://kinopoiskapiunofficial.tech/images/posters/kp/2127.jpg,8.3,8.4,https://www.kinopoisk.ru/film/2127/,2127
82,Судьба человека,https://kinopoiskapiunofficial.tech/images/posters/kp/44027.jpg,8.3,8.100000000000001,https://www.kinopoisk.ru/film/44027/,44027
83,Назад в будущее 2,https://kinopoiskapiunofficial.tech/images/posters/kp/5502.jpg,8.3,8.3,https://www.kinopoisk.ru/film/5502/,5502
84,Красавица и чудовище,https://kinopoiskapiunofficial.tech/images/posters/kp/540.jpg,8.3,8.5,https://www.kinopoisk.ru/film/540/,540
85,Дневник памяти,https://kinopoiskapiunofficial.tech/images/posters/kp/3561.jpg,8.3,8.4,https://www.kinopoisk.ru/film/3561/,3561
86,Укрощение строптивого,https://kinopoiskapiunofficial.tech/images/posters/kp/63912.jpg,8.3,8.200000000000001,https://www.kinopoisk.ru/film/63912/,63912
87,Служебный роман,https://kinopoiskapiunofficial.tech/images/posters/kp/43869.jpg,8.3,8.5,https://www.kinopoisk.ru/film/43869/,43869
88,Римские каникулы,https://kinopoiskapiunofficial.tech/images/posters/kp/497.jpg,8.3,8.4,https://www.kinopoisk.ru/film/497/,497
89,Однажды в Америке,https://kinopoiskapiunofficial.tech/images/posters/kp/469.jpg,8.3,8.100000000000001,https://www.kinopoisk.ru/film/469/,469
90,Джентльмены,https://kinopoiskapiunofficial.tech/images/posters/kp/1143242.jpg,8.3,8.100000000000001,https://www.kinopoisk.ru/film/1143242/,1143242
91,Унесённые ветром,https://kinopoiskapiunofficial.tech/images/posters/kp/456.jpg,8.3,8.5,https://www.kinopoisk.ru/film/456/,456
92,Балто,https://kinopoiskapiunofficial.tech/images/posters/kp/7097.jpg,8.3,8.3,https://www.kinopoisk.ru/film/7097/,7097
93,Темный рыцарь: Возрождение легенды,https://kinopoiskapiunofficial.tech/images/posters/kp/437410.jpg,8.3,8.5,https://www.kinopoisk.ru/film/437410/,437410
94,Счастливое число Слевина,https://kinopoiskapiunofficial.tech/images/posters/kp/86326.jpg,8.2,8.299999999999999,https://www.kinopoisk.ru/film/86326/,86326
95,Жизнь других,https://kinopoiskapiunofficial.tech/images/posters/kp/126196.jpg,8.2,8.1,https://www.kinopoisk.ru/film/126196/,126196
96,Адвокат дьявола,https://kinopoiskapiunofficial.tech/images/posters/kp/3797.jpg,8.2,8.299999999999999,https://www.kinopoisk.ru/film/3797/,3797
97,Зеленая книга,https://kinopoiskapiunofficial.tech/images/posters/kp/1108577.jpg,8.2,8.299999999999999,https://www.kinopoisk.ru/film/1108577/,1108577
98,Амадей,https://kinopoiskapiunofficial.tech/images/posters/kp/397.jpg,8.2,8.1,https://www.kinopoisk.ru/film/397/,397
99,Они сражались за Родину,https://kinopoiskapiunofficial.tech/images/posters/kp/42770.jpg,8.2,7.999999999999999,https://www.kinopoisk.ru/film/42770/,42770
100,…А в душе я танцую,https://kinopoiskapiunofficial.tech/images/posters/kp/84014.jpg,8.2,8.2,https://www.kinopoisk.ru/film/84014/,84014
101,Ходячий замок,https://kinopoiskapiunofficial.tech/images/posters/kp/49684.jpg,8.2,7.999999999999999,https://www.kinopoisk.ru/film/49684/,49684
102,Брат,https://kinopoiskapiunofficial.tech/images/posters/kp/41519.jpg,8.2,8.299999999999999,https://www.kinopoisk.ru/film/41519/,41519
103,Шерлок Холмс и доктор Ватсон: Смертельная схватка,https://kinopoiskapiunofficial.tech/images/posters/kp/354799.jpg,8.2,7.999999999999999,https://www.kinopoisk.ru/film/354799/,354799
104,Гонка,https://kinopoiskapiunofficial.tech/images/posters/kp/596125.jpg,8.2,8.399999999999999,https://www.kinopoisk.ru/film/596125/,596125
105,Малышка на миллион,https://kinopoiskapiunofficial.tech/images/posters/kp/81297.jpg,8.2,8.399999999999999,https://www.kinopoisk.ru/film/81297/,81297
106,Баллада о солдате,https://kinopoiskapiunofficial.tech/images/posters/kp/46019.jpg,8.2,7.999999999999999,https://www.kinopoisk.ru/film/46019/,46019
107,Девчата,https://kinopoiskapiunofficial.tech/images/posters/kp/44168.jpg,8.2,8.399999999999999,https://www.kinopoisk.ru/film/44168/,44168
108,Хоббит: Нежданное путешествие,https://kinopoiskapiunofficial.tech/images/posters/kp/278522.jpg,8.2,8.299999999999999,https://www.kinopoisk.ru/film/278522/,278522
109,Свидетель обвинения,https://kinopoiskapiunofficial.tech/images/posters/kp/489.jpg,8.2,8.399999999999999,https://www.kinopoisk.ru/film/489/,489
110,Шерлок Холмс и доктор Ватсон: Кровавая надпись,https://kinopoiskapiunofficial.tech/images/posters/kp/77265.jpg,8.2,7.999999999999999,https://www.kinopoisk.ru/film/77265/,77265
111,Пятый элемент,https://kinopoiskapiunofficial.tech/images/posters/kp/2656.jpg,8.2,8.1,https://www.kinopoisk.ru/film/2656/,2656
112,Один дома,https://kinopoiskapiunofficial.tech/images/posters/kp/8124.jpg,8.2,8.299999999999999,https://www.kinopoisk.ru/film/8124/,8124
113,Мальчик в полосатой пижаме,https://kinopoiskapiunofficial.tech/images/posters/kp/281251.jpg,8.2,7.999999999999999,https://www.kinopoisk.ru/film/281251/,281251
114,День сурка,https://kinopoiskapiunofficial.tech/images/posters/kp/527.jpg,8.2,8.2,https://www.kinopoisk.ru/film/527/,527
115,Общество мертвых поэтов,https://kinopoiskapiunofficial.tech/images/posters/kp/4996.jpg,8.2,7.999999999999999,https://www.kinopoisk.ru/film/4996/,4996
116,Одиннадцать друзей Оушена,https://kinopoiskapiunofficial.tech/images/posters/kp/770.jpg,8.2,8.2,https://www.kinopoisk.ru/film/770/,770
117,Казино,https://kinopoiskapiunofficial.tech/images/posters/kp/2494.jpg,8.2,8.299999999999999,https://www.kinopoisk.ru/film/2494/,2494
118,Аладдин,https://kinopoiskapiunofficial.tech/images/posters/kp/2361.jpg,8.2,7.999999999999999,https://www.kinopoisk.ru/film/2361/,2361
119,Приключения Шерлока Холмса и доктора Ватсона: Охота на тигра,https://kinopoiskapiunofficial.tech/images/posters/kp/368937.jpg,8.2,8.399999999999999,https://www.kinopoisk.ru/film/368937/,368937
120,Артист,https://kinopoiskapiunofficial.tech/images/posters/kp/539550.jpg,8.2,8.299999999999999,https://www.kinopoisk.ru/film/539550/,539550
121,"Добро пожаловать, или Посторонним вход воспрещен",https://kinopoiskapiunofficial.tech/images/posters/kp/44238.jpg,8.2,8.399999999999999,https://www.kinopoisk.ru/film/44238/,44238
122,Город бога,https://kinopoiskapiunofficial.tech/images/posters/kp/439.jpg,8.2,8.1,https://www.kinopoisk.ru/film/439/,439
123,Новые времена,https://kinopoiskapiunofficial.tech/images/posters/kp/408.jpg,8.2,8.1,https://www.kinopoisk.ru/film/408/,408
124,Могила светлячков,https://kinopoiskapiunofficial.tech/images/posters/kp/8219.jpg,8.2,8.2,https://www.kinopoisk.ru/film/8219/,8219
125,Семь жизней,https://kinopoiskapiunofficial.tech/images/posters/kp/395787.jpg,8.2,7.999999999999999,https://www.kinopoisk.ru/film/395787/,395787
126,Невидимая сторона,https://kinopoiskapiunofficial.tech/images/posters/kp/450213.jpg,8.2,8.2,https://www.kinopoisk.ru/film/450213/,450213
127,Любовь и голуби,https://kinopoiskapiunofficial.tech/images/posters/kp/45146.jpg,8.2,8.2,https://www.kinopoisk.ru/film/45146/,45146
128,Приключения Шерлока Холмса и доктора Ватсона: Король шантажа,https://kinopoiskapiunofficial.tech/images/posters/kp/368936.jpg,8.2,7.999999999999999,https://www.kinopoisk.ru/film/368936/,368936
129,Как украсть миллион,https://kinopoiskapiunofficial.tech/images/posters/kp/10156.jpg,8.2,7.999999999999999,https://www.kinopoisk.ru/film/10156/,10156
130,Легенда о пианисте,https://kinopoiskapiunofficial.tech/images/posters/kp/8335.jpg,8.2,8.1,https://www.kinopoisk.ru/film/8335/,8335
131,Привидение,https://kinopoiskapiunofficial.tech/images/posters/kp/1991.jpg,8.2,8.2,https://www.kinopoisk.ru/film/1991/,1991
132,12 стульев,https://kinopoiskapiunofficial.tech/images/posters/kp/46789.jpg,8.2,8.399999999999999,https://www.kinopoisk.ru/film/46789/,46789
133,Танцующий с волками,https://kinopoiskapiunofficial.tech/images/posters/kp/2037.jpg,8.2,8.399999999999999,https://www.kinopoisk.ru/film/2037/,2037
134,Меня зовут Кхан,https://kinopoiskapiunofficial.tech/images/posters/kp/406340.jpg,8.1,8.0,https://www.kinopoisk.ru/film/406340/,406340
135,Афера,https://kinopoiskapiunofficial.tech/images/posters/kp/383.jpg,8.1,8.2,https://www.kinopoisk.ru/film/383/,383
136,Жизнь Дэвида Гейла,https://kinopoiskapiunofficial.tech/images/posters/kp/738.jpg,8.1,8.2,https://www.kinopoisk.ru/film/738/,738
137,Назад в будущее 3,https://kinopoiskapiunofficial.tech/images/posters/kp/7103.jpg,8.1,8.1,https://www.kinopoisk.ru/film/7103/,7103
138,Терминал,https://kinopoiskapiunofficial.tech/images/posters/kp/6877.jpg,8.1,8.0,https://www.kinopoisk.ru/film/6877/,6877
139,Рэй,https://kinopoiskapiunofficial.tech/images/posters/kp/5319.jpg,8.1,8.1,https://www.kinopoisk.ru/film/5319/,5319
140,Пираты Карибского моря: Сундук мертвеца,https://kinopoiskapiunofficial.tech/images/posters/kp/63991.jpg,8.1,8.0,https://www.kinopoisk.ru/film/63991/,63991
141,Умница Уилл Хантинг,https://kinopoiskapiunofficial.tech/images/posters/kp/539.jpg,8.1,8.299999999999999,https://www.kinopoisk.ru/film/539/,539
142,Шерлок Холмс и доктор Ватсон: Сокровища Агры,https://kinopoiskapiunofficial.tech/images/posters/kp/77264.jpg,8.1,8.2,https://www.kinopoisk.ru/film/77264/,77264
143,Славные парни,https://kinopoiskapiunofficial.tech/images/posters/kp/350.jpg,8.1,8.299999999999999,https://www.kinopoisk.ru/film/350/,350
144,Ледниковый период,https://kinopoiskapiunofficial.tech/images/posters/kp/707.jpg,8.1,7.8999999999999995,https://www.kinopoisk.ru/film/707/,707
145,Головоломка,https://kinopoiskapiunofficial.tech/images/posters/kp/645118.jpg,8.1,8.2,https://www.kinopoisk.ru/film/645118/,645118
146,Самый быстрый Indian,https://kinopoiskapiunofficial.tech/images/posters/kp/81512.jpg,8.1,8.2,https://www.kinopoisk.ru/film/81512/,81512
147,Король говорит!,https://kinopoiskapiunofficial.tech/images/posters/kp/485311.jpg,8.1,8.0,https://www.kinopoisk.ru/film/485311/,485311
148,Душа,https://kinopoiskapiunofficial.tech/images/posters/kp/775273.jpg,8.1,8.299999999999999,https://www.kinopoisk.ru/film/775273/,775273
149,Лицо со шрамом,https://kinopoiskapiunofficial.tech/images/posters/kp/4695.jpg,8.1,8.0,https://www.kinopoisk.ru/film/4695/,4695
150,На несколько долларов больше,https://kinopoiskapiunofficial.tech/images/posters/kp/8190.jpg,8.1,8.0,https://www.kinopoisk.ru/film/8190/,8190
151,Нюрнбергский процесс,https://kinopoiskapiunofficial.tech/images/posters/kp/13738.jpg,8.1,8.1,https://www.kinopoisk.ru/film/13738/,13738
152,Остров сокровищ,https://kinopoiskapiunofficial.tech/images/posters/kp/573759.jpg,8.1,7.8999999999999995,https://www.kinopoisk.ru/film/573759/,573759
153,Ромео и Джульетта,https://kinopoiskapiunofficial.tech/images/posters/kp/15204.jpg,8.1,7.8999999999999995,https://www.kinopoisk.ru/film/15204/,15204
154,Блеф,https://kinopoiskapiunofficial.tech/images/posters/kp/10179.jpg,8.1,8.299999999999999,https://www.kinopoisk.ru/film/10179/,10179
155,Шерлок Холмс,https://kinopoiskapiunofficial.tech/images/posters/kp/420923.jpg,8.1,8.1,https://www.kinopoisk.ru/film/420923/,420923
156,Планета Ка-Пэкс,https://kinopoiskapiunofficial.tech/images/posters/kp/723.jpg,8.1,8.0,https://www.kinopoisk.ru/film/723/,723
157,Перед классом,https://kinopoiskapiunofficial.tech/images/posters/kp/428457.jpg,8.1,8.1,https://www.kinopoisk.ru/film/428457/,428457
158,Корпорация монстров,https://kinopoiskapiunofficial.tech/images/posters/kp/458.jpg,8.1,8.2,https://www.kinopoisk.ru/film/458/,458
159,Золотой телёнок,https://kinopoiskapiunofficial.tech/images/posters/kp/45389.jpg,8.1,8.299999999999999,https://www.kinopoisk.ru/film/45389/,45389
160,В случае убийства набирайте «М»,https://kinopoiskapiunofficial.tech/images/posters/kp/9028.jpg,8.1,8.2,https://www.kinopoisk.ru/film/9028/,9028
161,Амели,https://kinopoiskapiunofficial.tech/images/posters/kp/341.jpg,8.1,8.1,https://www.kinopoisk.ru/film/341/,341
162,Семь самураев,https://kinopoiskapiunofficial.tech/images/posters/kp/332.jpg,8.1,8.299999999999999,https://www.kinopoisk.ru/film/332/,332
163,Вечное сияние чистого разума,https://kinopoiskapiunofficial.tech/images/posters/kp/5492.jpg,8.1,8.299999999999999,https://www.kinopoisk.ru/film/5492/,5492
164,Бешеные псы,https://kinopoiskapiunofficial.tech/images/posters/kp/394.jpg,8.1,8.0,https://www.kinopoisk.ru/film/394/,394
165,Заплати другому,https://kinopoiskapiunofficial.tech/images/posters/kp/782.jpg,8.1,8.1,https://www.kinopoisk.ru/film/782/,782
166,"Три билборда на границе Эббинга, Миссури",https://kinopoiskapiunofficial.tech/images/posters/kp/944098.jpg,8.1,8.1,https://www.kinopoisk.ru/film/944098/,944098
167,Воин,https://kinopoiskapiunofficial.tech/images/posters/kp/442568.jpg,8.1,7.8999999999999995,https://www.kinopoisk.ru/film/442568/,442568
168,Вам и не снилось...,https://kinopoiskapiunofficial.tech/images/posters/kp/45660.jpg,8.1,7.8999999999999995,https://www.kinopoisk.ru/film/45660/,45660
169,Апокалипсис сегодня,https://kinopoiskapiunofficial.tech/images/posters/kp/354.jpg,8.1,8.0,https://www.kinopoisk.ru/film/354/,354
170,Ганди,https://kinopoiskapiunofficial.tech/images/posters/kp/513.jpg,8.1,7.8999999999999995,https://www.kinopoisk.ru/film/513/,513
171,Белый плен,https://kinopoiskapiunofficial.tech/images/posters/kp/79204.jpg,8.1,8.0,https://www.kinopoisk.ru/film/79204/,79204
172,Звёздные войны: Эпизод 3 – Месть ситхов,https://kinopoiskapiunofficial.tech/images/posters/kp/5619.jpg,8.1,8.299999999999999,https://www.kinopoisk.ru/film/5619/,5619
173,Тот самый Мюнхгаузен,https://kinopoiskapiunofficial.tech/images/posters/kp/77283.jpg,8.1,8.0,https://www.kinopoisk.ru/film/77283/,77283
174,Красота по-американски,https://kinopoiskapiunofficial.tech/images/posters/kp/351.jpg,8.1,7.8999999999999995,https://www.kinopoisk.ru/film/351/,351
175,Мой сосед Тоторо,https://kinopoiskapiunofficial.tech/images/posters/kp/8221.jpg,8.1,8.0,https://www.kinopoisk.ru/film/8221/,8221
176,Отец солдата,https://kinopoiskapiunofficial.tech/images/posters/kp/44218.jpg,8.1,8.0,https://www.kinopoisk.ru/film/44218/,44218
177,Андрей Рублев,https://kinopoiskapiunofficial.tech/images/posters/kp/8385.jpg,8.1,8.1,https://www.kinopoisk.ru/film/8385/,8385
178,Индиана Джонс и последний крестовый поход,https://kinopoiskapiunofficial.tech/images/posters/kp/472.jpg,8.1,8.1,https://www.kinopoisk.ru/film/472/,472
179,Человек-слон,https://kinopoiskapiunofficial.tech/images/posters/kp/464.jpg,8.1,8.2,https://www.kinopoisk.ru/film/464/,464
180,Исчезнувшая,https://kinopoiskapiunofficial.tech/images/posters/kp/692861.jpg,8.1,8.1,https://www.kinopoisk.ru/film/692861/,692861
181,Тренер Картер,https://kinopoiskapiunofficial.tech/images/posters/kp/77531.jpg,8.1,7.8999999999999995,https://www.kinopoisk.ru/film/77531/,77531
182,Схватка,https://kinopoiskapiunofficial.tech/images/posters/kp/571.jpg,8.1,8.0,https://www.kinopoisk.ru/film/571/,571
183,Писатели свободы,https://kinopoiskapiunofficial.tech/images/posters/kp/195226.jpg,8.1,8.2,https://www.kinopoisk.ru/film/195226/,195226
184,Твоё имя,https://kinopoiskapiunofficial.tech/images/posters/kp/958722.jpg,8.1,8.1,https://www.kinopoisk.ru/film/958722/,958722
185,Психо,https://kinopoiskapiunofficial.tech/images/posters/kp/344.jpg,8.1,8.299999999999999,https://www.kinopoisk.ru/film/344/,344
186,Принцесса Мононоке,https://kinopoiskapiunofficial.tech/images/posters/kp/441.jpg,8.1,7.8999999999999995,https://www.kinopoisk.ru/film/441/,441
187,Знахарь,https://kinopoiskapiunofficial.tech/images/posters/kp/80749.jpg,8.1,8.2,https://www.kinopoisk.ru/film/80749/,80749
188,Военный ныряльщик,https://kinopoiskapiunofficial.tech/images/posters/kp/751.jpg,8.1,8.1,https://www.kinopoisk.ru/film/751/,751
189,Шрэк,https://kinopoiskapiunofficial.tech/images/posters/kp/430.jpg,8.1,7.8999999999999995,https://www.kinopoisk.ru/film/430/,430
190,Октябрьское небо,https://kinopoiskapiunofficial.tech/images/posters/kp/2056.jpg,8.1,8.2,https://www.kinopoisk.ru/film/2056/,2056
191,Гарри Поттер и узник Азкабана,https://kinopoiskapiunofficial.tech/images/posters/kp/322.jpg,8.1,8.0,https://www.kinopoisk.ru/film/322/,322
192,Звёздные войны: Эпизод 6 – Возвращение Джедая,https://kinopoiskapiunofficial.tech/images/posters/kp/447.jpg,8.1,8.299999999999999,https://www.kinopoisk.ru/film/447/,447
193,Друзья: Воссоединение,https://kinopoiskapiunofficial.tech/images/posters/kp/1346686.jpg,8.1,8.2,https://www.kinopoisk.ru/film/1346686/,1346686
194,Новый кинотеатр «Парадизо»,https://kinopoiskapiunofficial.tech/images/posters/kp/424.jpg,8.1,7.8999999999999995,https://www.kinopoisk.ru/film/424/,424
195,Ип Ман,https://kinopoiskapiunofficial.tech/images/posters/kp/409507.jpg,8.1,8.1,https://www.kinopoisk.ru/film/409507/,409507
196,Последний самурай,https://kinopoiskapiunofficial.tech/images/posters/kp/6764.jpg,8.1,8.0,https://www.kinopoisk.ru/film/6764/,6764
197,Иллюзионист,https://kinopoiskapiunofficial.tech/images/posters/kp/102198.jpg,8.1,8.299999999999999,https://www.kinopoisk.ru/film/102198/,102198
198,Брат 2,https://kinopoiskapiunofficial.tech/images/posters/kp/41520.jpg,8.1,8.0,https://www.kinopoisk.ru/film/41520/,41520
199,Гарри Поттер и философский камень,https://kinopoiskapiunofficial.tech/images/posters/kp/689.jpg,8.1,8.0,https://www.kinopoisk.ru/film/689/,689
200,Берегись автомобиля,https://kinopoiskapiunofficial.tech/images/posters/kp/46089.jpg,8.1,8.1,https://www.kinopoisk.ru/film/46089/,46089
201,"Ирония судьбы, или С легким паром!",https://kinopoiskapiunofficial.tech/images/posters/kp/77331.jpg,8.1,8.1,https://www.kinopoisk.ru/film/77331/,77331
202,Звёздочки на земле,https://kinopoiskapiunofficial.tech/images/posters/kp/280562.jpg,8.1,8.0,https://www.kinopoisk.ru/film/280562/,280562
203,Трасса 60,https://kinopoiskapiunofficial.tech/images/posters/kp/3563.jpg,8.1,8.0,https://www.kinopoisk.ru/film/3563/,3563
204,Загадочная история Бенджамина Баттона,https://kinopoiskapiunofficial.tech/images/posters/kp/81555.jpg,8.1,8.299999999999999,https://www.kinopoisk.ru/film/81555/,81555
205,Цирк,https://kinopoiskapiunofficial.tech/images/posters/kp/2119.jpg,8.1,7.8999999999999995,https://www.kinopoisk.ru/film/2119/,2119
206,Пока не сыграл в ящик,https://kinopoiskapiunofficial.tech/images/posters/kp/258885.jpg,8.1,8.299999999999999,https://www.kinopoisk.ru/film/258885/,258885
207,Хулиганы,https://kinopoiskapiunofficial.tech/images/posters/kp/77444.jpg,8.1,8.299999999999999,https://www.kinopoisk.ru/film/77444/,77444
208,Легенда №17,https://kinopoiskapiunofficial.tech/images/posters/kp/601564.jpg,8.1,8.2,https://www.kinopoisk.ru/film/601564/,601564
209,Хоббит: Пустошь Смауга,https://kinopoiskapiunofficial.tech/images/posters/kp/408876.jpg,8.1,8.0,https://www.kinopoisk.ru/film/408876/,408876
210,Гарри Поттер и Дары Смерти: Часть II,https://kinopoiskapiunofficial.tech/images/posters/kp/407636.jpg,8.1,8.2,https://www.kinopoisk.ru/film/407636/,407636
211,Апокалипсис,https://kinopoiskapiunofficial.tech/images/posters/kp/160977.jpg,8.1,8.1,https://www.kinopoisk.ru/film/160977/,160977
212,Рататуй,https://kinopoiskapiunofficial.tech/images/posters/kp/89514.jpg,8.1,8.299999999999999,https://www.kinopoisk.ru/film/89514/,89514
213,Жестокий романс,https://kinopoiskapiunofficial.tech/images/posters/kp/45314.jpg,8.1,8.299999999999999,https://www.kinopoisk.ru/film/45314/,45314
214,Ford против Ferrari,https://kinopoiskapiunofficial.tech/images/posters/kp/835086.jpg,8.1,8.299999999999999,https://www.kinopoisk.ru/film/835086/,835086
215,Дурак,https://kinopoiskapiunofficial.tech/images/posters/kp/808639.jpg,8.1,8.2,https://www.kinopoisk.ru/film/808639/,808639
216,Подмена,https://kinopoiskapiunofficial.tech/images/posters/kp/279880.jpg,8.1,8.2,https://www.kinopoisk.ru/film/279880/,279880
217,Тэмпл Грандин,https://kinopoiskapiunofficial.tech/images/posters/kp/424153.jpg,8.1,8.1,https://www.kinopoisk.ru/film/424153/,424153
218,Я – Сэм,https://kinopoiskapiunofficial.tech/images/posters/kp/706.jpg,8.1,8.2,https://www.kinopoisk.ru/film/706/,706
219,Крепкий орешек,https://kinopoiskapiunofficial.tech/images/posters/kp/471.jpg,8.0,7.8,https://www.kinopoisk.ru/film/471/,471
220,Аватар,https://kinopoiskapiunofficial.tech/images/posters/kp/251733.jpg,8.0,7.8,https://www.kinopoisk.ru/film/251733/,251733
221,Песнь моря,https://kinopoiskapiunofficial.tech/images/posters/kp/714248.jpg,8.0,8.2,https://www.kinopoisk.ru/film/714248/,714248
222,Медведь,https://kinopoiskapiunofficial.tech/images/posters/kp/22907.jpg,8.0,8.1,https://www.kinopoisk.ru/film/22907/,22907
223,Крупная рыба,https://kinopoiskapiunofficial.tech/images/posters/kp/9617.jpg,8.0,8.0,https://www.kinopoisk.ru/film/9617/,9617
224,Золотая лихорадка,https://kinopoiskapiunofficial.tech/images/posters/kp/478.jpg,8.0,8.1,https://www.kinopoisk.ru/film/478/,478
225,Ураган,https://kinopoiskapiunofficial.tech/images/posters/kp/4914.jpg,8.0,7.8,https://www.kinopoisk.ru/film/4914/,4914
226,Убить пересмешника,https://kinopoiskapiunofficial.tech/images/posters/kp/357.jpg,8.0,7.9,https://www.kinopoisk.ru/film/357/,357
227,Вверх,https://kinopoiskapiunofficial.tech/images/posters/kp/325381.jpg,8.0,8.0,https://www.kinopoisk.ru/film/325381/,325381
228,Звёздные войны: Эпизод 5 – Империя наносит ответный удар,https://kinopoiskapiunofficial.tech/images/posters/kp/338.jpg,8.0,8.1,https://www.kinopoisk.ru/film/338/,338
229,"Знакомьтесь, Джо Блэк",https://kinopoiskapiunofficial.tech/images/posters/kp/5059.jpg,8.0,8.0,https://www.kinopoisk.ru/film/5059/,5059
230,Рапунцель: Запутанная история,https://kinopoiskapiunofficial.tech/images/posters/kp/84049.jpg,8.0,7.9,https://www.kinopoisk.ru/film/84049/,84049
231,Столкновение,https://kinopoiskapiunofficial.tech/images/posters/kp/61297.jpg,8.0,8.1,https://www.kinopoisk.ru/film/61297/,61297
232,Три идиота,https://kinopoiskapiunofficial.tech/images/posters/kp/423210.jpg,8.0,8.2,https://www.kinopoisk.ru/film/423210/,423210
233,Завтра была война,https://kinopoiskapiunofficial.tech/images/posters/kp/45244.jpg,8.0,7.9,https://www.kinopoisk.ru/film/45244/,45244
234,Джокер,https://kinopoiskapiunofficial.tech/images/posters/kp/1048334.jpg,8.0,7.9,https://www.kinopoisk.ru/film/1048334/,1048334
235,Билли Эллиот,https://kinopoiskapiunofficial.tech/images/posters/kp/610.jpg,8.0,8.0,https://www.kinopoisk.ru/film/610/,610
236,Мулан,https://kinopoiskapiunofficial.tech/images/posters/kp/5277.jpg,8.0,8.0,https://www.kinopoisk.ru/film/5277/,5277
237,Старший сын,https://kinopoiskapiunofficial.tech/images/posters/kp/43982.jpg,8.0,7.9,https://www.kinopoisk.ru/film/43982/,43982
238,Реквием по мечте,https://kinopoiskapiunofficial.tech/images/posters/kp/367.jpg,8.0,8.2,https://www.kinopoisk.ru/film/367/,367
239,Русалочка,https://kinopoiskapiunofficial.tech/images/posters/kp/8147.jpg,8.0,8.0,https://www.kinopoisk.ru/film/8147/,8147
240,История игрушек: Большой побег,https://kinopoiskapiunofficial.tech/images/posters/kp/258328.jpg,8.0,8.0,https://www.kinopoisk.ru/film/258328/,258328
241,Догвилль,https://kinopoiskapiunofficial.tech/images/posters/kp/7226.jpg,8.0,7.9,https://www.kinopoisk.ru/film/7226/,7226
242,Жизнь Пи,https://kinopoiskapiunofficial.tech/images/posters/kp/158786.jpg,8.0,7.9,https://www.kinopoisk.ru/film/158786/,158786
243,Леди и бродяга,https://kinopoiskapiunofficial.tech/images/posters/kp/8227.jpg,8.0,8.0,https://www.kinopoisk.ru/film/8227/,8227
244,Мужики!..,https://kinopoiskapiunofficial.tech/images/posters/kp/46745.jpg,8.0,7.9,https://www.kinopoisk.ru/film/46745/,46745
245,Пираты Карибского моря: На краю света,https://kinopoiskapiunofficial.tech/images/posters/kp/102124.jpg,8.0,8.0,https://www.kinopoisk.ru/film/102124/,102124
246,Иди и смотри,https://kinopoiskapiunofficial.tech/images/posters/kp/42571.jpg,8.0,8.0,https://www.kinopoisk.ru/film/42571/,42571
247,Мандарины,https://kinopoiskapiunofficial.tech/images/posters/kp/772017.jpg,8.0,8.0,https://www.kinopoisk.ru/film/772017/,772017
248,Гаттака,https://kinopoiskapiunofficial.tech/images/posters/kp/5012.jpg,8.0,8.0,https://www.kinopoisk.ru/film/5012/,5012
249,Поющие под дождем,https://kinopoiskapiunofficial.tech/images/posters/kp/368.jpg,8.0,8.1,https://www.kinopoisk.ru/film/368/,368
